,Iteration,Reward,Algorithm
0,0,0.0058724879999954285,quick_sort
1,0,0.004230034000001979,merge_sort
2,0,0.004925077999998848,heap_sort
3,1,0.0055560719999903085,quick_sort
4,1,0.00410258999999769,merge_sort
5,1,0.004619786000009753,heap_sort
6,2,0.0060473380000007635,quick_sort
7,2,0.003979412000003322,merge_sort
8,2,0.0043793340000047466,heap_sort
9,3,0.005688928000004125,quick_sort
10,3,0.004198703999993541,merge_sort
11,3,0.004667787999990196,heap_sort
12,4,0.0055333639999912525,quick_sort
13,4,0.004179484000001139,merge_sort
14,4,0.0045190899999875,heap_sort
15,5,0.005881840000008651,quick_sort
16,5,0.003983170000003611,merge_sort
17,5,0.004451487999995151,heap_sort
18,6,0.00568553199998405,quick_sort
19,6,0.004385354000000916,merge_sort
20,6,0.004291304000000764,heap_sort
21,7,0.0056734299999925495,quick_sort
22,7,0.004201542000002973,merge_sort
23,7,0.004762413999987985,heap_sort
24,8,0.005485632000004443,quick_sort
25,8,0.004047027999995408,merge_sort
26,8,0.004512176000000636,heap_sort
27,9,0.0059119500000042536,quick_sort
28,9,0.003988058000009005,merge_sort
29,9,0.0043270620000134844,heap_sort
30,10,0.005721479999995154,quick_sort
31,10,0.004550854000005984,merge_sort
32,10,0.004314118000006601,heap_sort
33,11,0.005486327999992682,quick_sort
34,11,0.004217940000005456,merge_sort
35,11,0.0045027440000126265,heap_sort
36,12,0.005883472000002712,quick_sort
37,12,0.003997401999995418,merge_sort
38,12,0.004524134000014328,heap_sort
39,13,0.005675096000002214,quick_sort
40,13,0.004378897999993114,merge_sort
41,13,0.004292578000004142,heap_sort
42,14,0.00565194599999586,quick_sort
43,14,0.004194288000001052,merge_sort
44,14,0.004759606000009171,heap_sort
45,15,0.005556786000006468,quick_sort
46,15,0.0041041219999965505,merge_sort
47,15,0.004512608000002274,heap_sort
48,16,0.0058930840000084575,quick_sort
49,16,0.003986933999999565,merge_sort
50,16,0.004347830000001523,heap_sort
51,17,0.005725076000005629,quick_sort
52,17,0.004494830000005549,merge_sort
53,17,0.004413927999994485,heap_sort
54,18,0.005619293999998263,quick_sort
55,18,0.00428858800000171,merge_sort
56,18,0.004950209999992694,heap_sort
57,19,0.00555787200000168,quick_sort
58,19,0.003997145999996974,merge_sort
59,19,0.004587764000007155,heap_sort
60,20,0.006116325999994387,quick_sort
61,20,0.004015487999995457,merge_sort
62,20,0.0043033259999833715,heap_sort
63,21,0.0057133559999897445,quick_sort
64,21,0.004194633999998132,merge_sort
65,21,0.004693165999997291,heap_sort
66,22,0.005474481999988257,quick_sort
67,22,0.004161280000005263,merge_sort
68,22,0.004515842000009798,heap_sort
69,23,0.005835440000000744,quick_sort
70,23,0.003977910000005522,merge_sort
71,23,0.004377048000010291,heap_sort
72,24,0.0057250360000170985,quick_sort
73,24,0.004442077999992761,merge_sort
74,24,0.004290571999993062,heap_sort
75,25,0.00552033400000937,quick_sort
76,25,0.004237433999996938,merge_sort
77,25,0.004782824000010351,heap_sort
78,26,0.005501886000001832,quick_sort
79,26,0.0039782960000093225,merge_sort
80,26,0.0045252679999975955,heap_sort
81,27,0.005934708000004321,quick_sort
82,27,0.004407541999992191,merge_sort
83,27,0.005005747999994128,heap_sort
84,28,0.005693994000007478,quick_sort
85,28,0.004506482000003871,merge_sort
86,28,0.004302687999988848,heap_sort
87,29,0.005518100000006143,quick_sort
88,29,0.0043381579999959285,merge_sort
89,29,0.005337500000002819,heap_sort
90,30,0.005615733999989061,quick_sort
91,30,0.00397514999998748,merge_sort
92,30,0.004470883999995294,heap_sort
93,31,0.005708813999997346,quick_sort
94,31,0.0043369140000072545,merge_sort
95,31,0.00428618200000983,heap_sort
96,32,0.005636700000000019,quick_sort
97,32,0.004667919999994865,merge_sort
98,32,0.00538958399998819,heap_sort
99,33,0.005493833999996696,quick_sort
100,33,0.004100214000000051,merge_sort
101,33,0.004546136000001298,heap_sort
102,34,0.005892545999997765,quick_sort
103,34,0.0041235280000000785,merge_sort
104,34,0.005050181999990855,heap_sort
105,35,0.0057050359999971075,quick_sort
106,35,0.004346813999998176,merge_sort
107,35,0.004294635999992806,heap_sort
108,36,0.0055813620000026275,quick_sort
109,36,0.004231782000003932,merge_sort
110,36,0.00483443200000238,heap_sort
111,37,0.0054914680000001685,quick_sort
112,37,0.004485480000003008,merge_sort
113,37,0.0052597439999954075,heap_sort
114,38,0.00585452199999736,quick_sort
115,38,0.003962491999998292,merge_sort
116,38,0.004370383999996647,heap_sort
117,39,0.005760382000005393,quick_sort
118,39,0.0045738880000067185,merge_sort
119,39,0.004966369999999642,heap_sort
120,40,0.0055307219999917836,quick_sort
121,40,0.004222753999988527,merge_sort
122,40,0.004770911999999044,heap_sort
123,41,0.005470029999999042,quick_sort
124,41,0.003997643999994125,merge_sort
125,41,0.004500502000003053,heap_sort
126,42,0.00596282599999995,quick_sort
127,42,0.004431384000004073,merge_sort
128,42,0.005026669999997466,heap_sort
129,43,0.005741275999998834,quick_sort
130,43,0.004458043999998154,merge_sort
131,43,0.004287648000001809,heap_sort
132,44,0.005541711999997006,quick_sort
133,44,0.00436599199999364,merge_sort
134,44,0.005449819999996635,heap_sort
135,45,0.005470123999998577,quick_sort
136,45,0.003969837999998163,merge_sort
137,45,0.004476136000002953,heap_sort
138,46,0.005950907999997526,quick_sort
139,46,0.003972420000000056,merge_sort
140,46,0.00430928600000243,heap_sort
141,47,0.005648386000004848,quick_sort
142,47,0.004626314000004186,merge_sort
143,47,0.005465289999997367,heap_sort
144,48,0.005481052000004638,quick_sort
145,48,0.004190101999986382,merge_sort
146,48,0.00457208600001195,heap_sort
147,49,0.0058660419999978335,quick_sort
148,49,0.004070028000003276,merge_sort
149,49,0.005092665999993642,heap_sort
150,50,0.006009700000008706,quick_sort
151,50,0.005942404000006718,merge_sort
152,50,0.01120133600000372,heap_sort
153,51,0.005974783999997726,quick_sort
154,51,0.00408336999999392,merge_sort
155,51,0.005487333999999464,heap_sort
156,52,0.006006930000000921,quick_sort
157,52,0.0045013739999899376,merge_sort
158,52,0.008245868000001337,heap_sort
159,53,0.005805699999998523,quick_sort
160,53,0.0056621379999955935,merge_sort
161,53,0.0096846120000032,heap_sort
162,54,0.005557191999989755,quick_sort
163,54,0.0043939120000027285,merge_sort
164,54,0.0042965279999998525,heap_sort
165,55,0.005716887999997197,quick_sort
166,55,0.005950964000012391,merge_sort
167,55,0.011295691999982864,heap_sort
168,56,0.005546002000010049,quick_sort
169,56,0.0042972040000063315,merge_sort
170,56,0.005747267999997803,heap_sort
171,57,0.005524892000003092,quick_sort
172,57,0.004244471999998041,merge_sort
173,57,0.008587335999993683,heap_sort
174,58,0.005611682000003384,quick_sort
175,58,0.005266587999997228,merge_sort
176,58,0.010040996000009272,heap_sort
177,59,0.005462675999999647,quick_sort
178,59,0.0040346419999946195,merge_sort
179,59,0.004528521999995974,heap_sort
180,60,0.0060152279999942946,quick_sort
181,60,0.005704627999998593,merge_sort
182,60,0.011436313999990944,heap_sort
183,61,0.005645334000003004,quick_sort
184,61,0.00411851399998568,merge_sort
185,61,0.005568010000004051,heap_sort
186,62,0.006047084000008454,quick_sort
187,62,0.004119066000000658,merge_sort
188,62,0.008255272000014883,heap_sort
189,63,0.00608594599999833,quick_sort
190,63,0.005275337999994463,merge_sort
191,63,0.009692505999994409,heap_sort
192,64,0.005993679999996857,quick_sort
193,64,0.004028274000002057,merge_sort
194,64,0.004361227999995662,heap_sort
195,65,0.005878575999993245,quick_sort
196,65,0.00612469000001056,merge_sort
197,65,0.011099119999992127,heap_sort
198,66,0.006023863999985224,quick_sort
199,66,0.004091698000006545,merge_sort
200,66,0.005386840000007851,heap_sort
201,67,0.005715083999989474,quick_sort
202,67,0.004496933999996599,merge_sort
203,67,0.008316375999993398,heap_sort
204,68,0.005591945999999553,quick_sort
205,68,0.005434691999992083,merge_sort
206,68,0.009974338000001809,heap_sort
207,69,0.005464202000009664,quick_sort
208,69,0.004130137999991348,merge_sort
209,69,0.004701198000000204,heap_sort
210,70,0.005639092000001256,quick_sort
211,70,0.0057949819999930695,merge_sort
212,70,0.011408128000005036,heap_sort
213,71,0.005522387999990315,quick_sort
214,71,0.004166404000009152,merge_sort
215,71,0.0058669940000004315,heap_sort
216,72,0.005540040000000772,quick_sort
217,72,0.004102432000004228,merge_sort
218,72,0.008650520000001051,heap_sort
219,73,0.005629465999995773,quick_sort
220,73,0.005212040000003526,merge_sort
221,73,0.009999780000000555,heap_sort
222,74,0.005530935999993289,quick_sort
223,74,0.003974212000007356,merge_sort
224,74,0.004505001999998513,heap_sort
225,75,0.006587284000011096,quick_sort
226,75,0.00936861200000294,merge_sort
227,75,0.011659737999996195,heap_sort
228,76,0.006101564000011876,quick_sort
229,76,0.011050941999997121,merge_sort
230,76,0.012046549999997751,heap_sort
231,77,0.005761658000003536,quick_sort
232,77,0.007119985999995606,merge_sort
233,77,0.010265959999996995,heap_sort
234,78,0.006488352000005761,quick_sort
235,78,0.010920297999991817,merge_sort
236,78,0.01299117399999659,heap_sort
237,79,0.005824901999988015,quick_sort
238,79,0.008891809999997804,merge_sort
239,79,0.009588587999999162,heap_sort
240,80,0.006105193999990206,quick_sort
241,80,0.009704103999999915,merge_sort
242,80,0.011744687999992039,heap_sort
243,81,0.006684418000004371,quick_sort
244,81,0.011568548000004739,merge_sort
245,81,0.01250252599999385,heap_sort
246,82,0.006045754000010675,quick_sort
247,82,0.007477226000009978,merge_sort
248,82,0.010337879999990491,heap_sort
249,83,0.006133517999999185,quick_sort
250,83,0.011079311999997116,merge_sort
251,83,0.012945616000010887,heap_sort
252,84,0.005854817999995703,quick_sort
253,84,0.008459536000000299,merge_sort
254,84,0.009777150000008988,heap_sort
255,85,0.0060082879999959005,quick_sort
256,85,0.009750724000000446,merge_sort
257,85,0.01151939000000084,heap_sort
258,86,0.006569940000003953,quick_sort
259,86,0.01116290200000094,merge_sort
260,86,0.012315836000002491,heap_sort
261,87,0.006014392000001863,quick_sort
262,87,0.006978737999993427,merge_sort
263,87,0.010606221999992158,heap_sort
264,88,0.006146427999992738,quick_sort
265,88,0.01112812799999574,merge_sort
266,88,0.012799464000006538,heap_sort
267,89,0.006112348000006023,quick_sort
268,89,0.00861990999999989,merge_sort
269,89,0.00965693999999985,heap_sort
270,90,0.006073444000007839,quick_sort
271,90,0.00935618199999908,merge_sort
272,90,0.011758597999989889,heap_sort
273,91,0.006156156000006376,quick_sort
274,91,0.011100639999999657,merge_sort
275,91,0.01203500800000029,heap_sort
276,92,0.006113182000005963,quick_sort
277,92,0.006854883999997128,merge_sort
278,92,0.010690475999999761,heap_sort
279,93,0.006184254000006603,quick_sort
280,93,0.010840730000006715,merge_sort
281,93,0.013023871999998847,heap_sort
282,94,0.005801823999993303,quick_sort
283,94,0.00866430000000264,merge_sort
284,94,0.009437928000002102,heap_sort
285,95,0.006292169999992439,quick_sort
286,95,0.009396846000001915,merge_sort
287,95,0.011657936000005975,heap_sort
288,96,0.006128074000014294,quick_sort
289,96,0.011036659999988388,merge_sort
290,96,0.012106279999993603,heap_sort
291,97,0.006004911999998513,quick_sort
292,97,0.00733797400000185,merge_sort
293,97,0.010293861999998625,heap_sort
294,98,0.006471875999995973,quick_sort
295,98,0.010914981999990232,merge_sort
296,98,0.012941541999996389,heap_sort
297,99,0.005854166000001442,quick_sort
298,99,0.008176537999993343,merge_sort
299,99,0.009447622000011506,heap_sort
300,100,0.005473346000003403,quick_sort
301,100,0.0043052180000040605,merge_sort
302,100,0.004491033999991032,heap_sort
303,101,0.005520512000009603,quick_sort
304,101,0.004136794000003192,merge_sort
305,101,0.004494806000000153,heap_sort
306,102,0.006021651999997175,quick_sort
307,102,0.005291765999998006,merge_sort
308,102,0.005681519999995999,heap_sort
309,103,0.0059115460000020905,quick_sort
310,103,0.003988164000011238,merge_sort
311,103,0.004374228000008315,heap_sort
312,104,0.0060108359999958335,quick_sort
313,104,0.005396611999992728,merge_sort
314,104,0.005615554000000884,heap_sort
315,105,0.0054857399999878,quick_sort
316,105,0.004220445999999356,merge_sort
317,105,0.004768452000000707,heap_sort
318,106,0.005534822000006443,quick_sort
319,106,0.00398684600001161,merge_sort
320,106,0.004495471999994152,heap_sort
321,107,0.006356278000007478,quick_sort
322,107,0.005314701999993759,merge_sort
323,107,0.005605200000004516,heap_sort
324,108,0.0056636920000005374,quick_sort
325,108,0.004396563999994214,merge_sort
326,108,0.004305968000001031,heap_sort
327,109,0.005844664000001103,quick_sort
328,109,0.0051284479999822,merge_sort
329,109,0.005886691999990035,heap_sort
330,110,0.005467702000000827,quick_sort
331,110,0.004117616000003182,merge_sort
332,110,0.004495462000006683,heap_sort
333,111,0.005836839999999483,quick_sort
334,111,0.003985192000000097,merge_sort
335,111,0.004429271999990761,heap_sort
336,112,0.00586929599998939,quick_sort
337,112,0.005619769999996151,merge_sort
338,112,0.00558634000000211,heap_sort
339,113,0.005608256000007259,quick_sort
340,113,0.004182152000007591,merge_sort
341,113,0.004649702000003799,heap_sort
342,114,0.005737861999984943,quick_sort
343,114,0.005109733999986475,merge_sort
344,114,0.006037395999987894,heap_sort
345,115,0.0054723240000066654,quick_sort
346,115,0.004054896000004646,merge_sort
347,115,0.004480272000000696,heap_sort
348,116,0.006026013999987753,quick_sort
349,116,0.003973736000002646,merge_sort
350,116,0.004376052000002346,heap_sort
351,117,0.006086120000004485,quick_sort
352,117,0.005773288000000321,merge_sort
353,117,0.005588388000019222,heap_sort
354,118,0.005603255999994871,quick_sort
355,118,0.004181694000008065,merge_sort
356,118,0.004755876000001535,heap_sort
357,119,0.005780655999990359,quick_sort
358,119,0.0050204740000049245,merge_sort
359,119,0.0058450260000108755,heap_sort
360,120,0.00606334199999992,quick_sort
361,120,0.003977480000007745,merge_sort
362,120,0.0044550919999937835,heap_sort
363,121,0.005662116000000879,quick_sort
364,121,0.004411651999994319,merge_sort
365,121,0.0042898619999982655,heap_sort
366,122,0.005775576000007732,quick_sort
367,122,0.005493830000011713,merge_sort
368,122,0.005914908000002015,heap_sort
369,123,0.0054649819999917785,quick_sort
370,123,0.004108317999994142,merge_sort
371,123,0.004498659999994743,heap_sort
372,124,0.006070060000004105,quick_sort
373,124,0.004911307999987002,merge_sort
374,124,0.005710409999992407,heap_sort
375,125,0.008080407999982527,quick_sort
376,125,0.01540461599999162,merge_sort
377,125,0.014925732000003791,heap_sort
378,126,0.008539387999996961,quick_sort
379,126,0.01523554999999078,merge_sort
380,126,0.016091857999988406,heap_sort
381,127,0.008465345999991315,quick_sort
382,127,0.015475906000001488,merge_sort
383,127,0.016906272000001082,heap_sort
384,128,0.008302698000004511,quick_sort
385,128,0.015471405999994659,merge_sort
386,128,0.015196879999994053,heap_sort
387,129,0.008856972000000952,quick_sort
388,129,0.015496368000010535,merge_sort
389,129,0.017366358000001584,heap_sort
390,130,0.007779413999994631,quick_sort
391,130,0.015219249999991007,merge_sort
392,130,0.014787441999999373,heap_sort
393,131,0.008697386000001188,quick_sort
394,131,0.015508672000009938,merge_sort
395,131,0.0161883220000027,heap_sort
396,132,0.008464052000003903,quick_sort
397,132,0.015339248000011595,merge_sort
398,132,0.01667222799999081,heap_sort
399,133,0.008461686000000555,quick_sort
400,133,0.016018254000000523,merge_sort
401,133,0.015356958000002124,heap_sort
402,134,0.008947621999998318,quick_sort
403,134,0.016013107999997375,merge_sort
404,134,0.017343075999999655,heap_sort
405,135,0.007988997999991625,quick_sort
406,135,0.015257522000001699,merge_sort
407,135,0.014872847999993156,heap_sort
408,136,0.00849595199999385,quick_sort
409,136,0.015234501999996155,merge_sort
410,136,0.016116346000010252,heap_sort
411,137,0.008447489999994104,quick_sort
412,137,0.015395850000008976,merge_sort
413,137,0.016754063999997015,heap_sort
414,138,0.008340814000014234,quick_sort
415,138,0.015503521999999065,merge_sort
416,138,0.015302458000007846,heap_sort
417,139,0.00892045399999006,quick_sort
418,139,0.015509261999989121,merge_sort
419,139,0.01738332999999557,heap_sort
420,140,0.008010051999981442,quick_sort
421,140,0.015183976000000711,merge_sort
422,140,0.014837161999996623,heap_sort
423,141,0.00863361200001009,quick_sort
424,141,0.015272300000008272,merge_sort
425,141,0.016075164000003497,heap_sort
426,142,0.008473209999999653,quick_sort
427,142,0.01595877599999312,merge_sort
428,142,0.01666687999998885,heap_sort
429,143,0.008318783999993685,quick_sort
430,143,0.015680464000013217,merge_sort
431,143,0.015196601999989526,heap_sort
432,144,0.008961149999995541,quick_sort
433,144,0.01558594000000312,merge_sort
434,144,0.017320816000005835,heap_sort
435,145,0.00798359599999003,quick_sort
436,145,0.015221755999994003,merge_sort
437,145,0.014826225999995587,heap_sort
438,146,0.008549386000006508,quick_sort
439,146,0.015194963999997526,merge_sort
440,146,0.016172792000002118,heap_sort
441,147,0.00841915599999993,quick_sort
442,147,0.015260989999997037,merge_sort
443,147,0.016747369999995952,heap_sort
444,148,0.00835173799999211,quick_sort
445,148,0.015427869999994072,merge_sort
446,148,0.015270516000007318,heap_sort
447,149,0.008849866000000475,quick_sort
448,149,0.01580253999999741,merge_sort
449,149,0.017452700000005733,heap_sort
450,150,0.008348481999996693,quick_sort
451,150,0.014796678000006978,merge_sort
452,150,0.016406931999997595,heap_sort
453,151,0.008463942000009866,quick_sort
454,151,0.01464465200000177,merge_sort
455,151,0.015858249999994314,heap_sort
456,152,0.008055316000011317,quick_sort
457,152,0.0143660219999947,merge_sort
458,152,0.01586460599999555,heap_sort
459,153,0.007974904000006973,quick_sort
460,153,0.014923102000002473,merge_sort
461,153,0.016178687999990872,heap_sort
462,154,0.007754124000007323,quick_sort
463,154,0.014930670000003374,merge_sort
464,154,0.014802196000002822,heap_sort
465,155,0.008044853999995211,quick_sort
466,155,0.015488433999994413,merge_sort
467,155,0.01632071399999404,heap_sort
468,156,0.008011690000005274,quick_sort
469,156,0.014868577999995978,merge_sort
470,156,0.01582588999998734,heap_sort
471,157,0.007723458000002665,quick_sort
472,157,0.014777102000011836,merge_sort
473,157,0.015851725999991687,heap_sort
474,158,0.008274839999996857,quick_sort
475,158,0.014868741999996472,merge_sort
476,158,0.0161039799999935,heap_sort
477,159,0.007727144000000408,quick_sort
478,159,0.014885903999993389,merge_sort
479,159,0.014692941999994673,heap_sort
480,160,0.008055396000015662,quick_sort
481,160,0.014828418000008696,merge_sort
482,160,0.016323945999999978,heap_sort
483,161,0.008097111999993557,quick_sort
484,161,0.01487276799999563,merge_sort
485,161,0.015618481999999857,heap_sort
486,162,0.008049883999995018,quick_sort
487,162,0.014957210000002306,merge_sort
488,162,0.01567363400000204,heap_sort
489,163,0.008175473999997393,quick_sort
490,163,0.014960207999999966,merge_sort
491,163,0.01626934200000278,heap_sort
492,164,0.008043070000003354,quick_sort
493,164,0.01507229599998027,merge_sort
494,164,0.014674203999995826,heap_sort
495,165,0.008278375999998389,quick_sort
496,165,0.014652552000004562,merge_sort
497,165,0.016459781999994903,heap_sort
498,166,0.008122136000004047,quick_sort
499,166,0.014622439999996004,merge_sort
500,166,0.015724746000005327,heap_sort
501,167,0.007876779999992322,quick_sort
502,167,0.014352086000001237,merge_sort
503,167,0.015975103999999192,heap_sort
504,168,0.008046779999997398,quick_sort
505,168,0.014900078000000577,merge_sort
506,168,0.0161804980000079,heap_sort
507,169,0.007823935999990681,quick_sort
508,169,0.01518679600001633,merge_sort
509,169,0.014948232000003827,heap_sort
510,170,0.007953465999987657,quick_sort
511,170,0.014855227999992166,merge_sort
512,170,0.01639858400000321,heap_sort
513,171,0.0079065500000047,quick_sort
514,171,0.014799736000011308,merge_sort
515,171,0.015738721999996416,heap_sort
516,172,0.0077046020000034335,quick_sort
517,172,0.014560520000006818,merge_sort
518,172,0.015737644000000727,heap_sort
519,173,0.007965229999990697,quick_sort
520,173,0.014831468000002132,merge_sort
521,173,0.016144034000003558,heap_sort
522,174,0.007582670000006147,quick_sort
523,174,0.0148591379999948,merge_sort
524,174,0.014696526000000177,heap_sort
525,175,0.008123554000005697,quick_sort
526,175,0.015800637999998344,merge_sort
527,175,0.015503601999998864,heap_sort
528,176,0.008566262000013012,quick_sort
529,176,0.01572266600000148,merge_sort
530,176,0.015637221999988925,heap_sort
531,177,0.007543189999992137,quick_sort
532,177,0.013753206000005775,merge_sort
533,177,0.014578025999992406,heap_sort
534,178,0.008547416000003522,quick_sort
535,178,0.016481185999991793,merge_sort
536,178,0.015839698000002046,heap_sort
537,179,0.00776035200000706,quick_sort
538,179,0.0145783480000091,merge_sort
539,179,0.014957923999988907,heap_sort
540,180,0.008390144000002238,quick_sort
541,180,0.01586999199999127,merge_sort
542,180,0.015511091999994732,heap_sort
543,181,0.008714223999995739,quick_sort
544,181,0.016242969999996148,merge_sort
545,181,0.015699518000008083,heap_sort
546,182,0.007639435999981288,quick_sort
547,182,0.013299542000004294,merge_sort
548,182,0.014605691999995542,heap_sort
549,183,0.008308551999989503,quick_sort
550,183,0.015912824000004093,merge_sort
551,183,0.016009792000002108,heap_sort
552,184,0.007617078000005222,quick_sort
553,184,0.013950570000004063,merge_sort
554,184,0.014917523999993137,heap_sort
555,185,0.00818687799999907,quick_sort
556,185,0.015811226000000716,merge_sort
557,185,0.015318200000001525,heap_sort
558,186,0.008348512000000028,quick_sort
559,186,0.016032789999999294,merge_sort
560,186,0.015753913999985797,heap_sort
561,187,0.0074320019999913715,quick_sort
562,187,0.013414518000001863,merge_sort
563,187,0.014742388000008759,heap_sort
564,188,0.00837813800000049,quick_sort
565,188,0.015808973999992305,merge_sort
566,188,0.015741220000006707,heap_sort
567,189,0.007476163999999699,quick_sort
568,189,0.01380891999999676,merge_sort
569,189,0.014800154000006387,heap_sort
570,190,0.008197274000003744,quick_sort
571,190,0.015617326000001413,merge_sort
572,190,0.01529776000000311,heap_sort
573,191,0.008514142000008178,quick_sort
574,191,0.015699156000005134,merge_sort
575,191,0.015533718000012868,heap_sort
576,192,0.007678165999991506,quick_sort
577,192,0.013345754000004035,merge_sort
578,192,0.014680833999987044,heap_sort
579,193,0.008553377999994609,quick_sort
580,193,0.01573255599999811,merge_sort
581,193,0.015897510000002057,heap_sort
582,194,0.007839712000009057,quick_sort
583,194,0.013625457999996798,merge_sort
584,194,0.014876973999985239,heap_sort
585,195,0.008353287999998429,quick_sort
586,195,0.015880821999985528,merge_sort
587,195,0.015510242000004837,heap_sort
588,196,0.008421865999996498,quick_sort
589,196,0.01566956799998934,merge_sort
590,196,0.015583251999996718,heap_sort
591,197,0.00744807600000513,quick_sort
592,197,0.013457782000000407,merge_sort
593,197,0.014651299999993626,heap_sort
594,198,0.008536321999990833,quick_sort
595,198,0.015831976000010854,merge_sort
596,198,0.015836581999997178,heap_sort
597,199,0.007451919999996334,quick_sort
598,199,0.01379003399999192,merge_sort
599,199,0.014982724000001326,heap_sort
600,200,0.006679237999999259,quick_sort
601,200,0.011955204000000776,merge_sort
602,200,0.014381665999987945,heap_sort
603,201,0.0070629680000024566,quick_sort
604,201,0.01295460200000889,merge_sort
605,201,0.01450666200001251,heap_sort
606,202,0.006757227999999032,quick_sort
607,202,0.012143736000004991,merge_sort
608,202,0.013799077999999554,heap_sort
609,203,0.006673096000001806,quick_sort
610,203,0.011715196000002379,merge_sort
611,203,0.014529434000000946,heap_sort
612,204,0.007539367999997921,quick_sort
613,204,0.013023909999999432,merge_sort
614,204,0.01413545999999542,heap_sort
615,205,0.006755506000008609,quick_sort
616,205,0.01205137799998738,merge_sort
617,205,0.014245585999983632,heap_sort
618,206,0.006834360000000288,quick_sort
619,206,0.012601963999989039,merge_sort
620,206,0.01435019999999895,heap_sort
621,207,0.006942977999995037,quick_sort
622,207,0.011983144000002994,merge_sort
623,207,0.013717420000016318,heap_sort
624,208,0.006693040000009205,quick_sort
625,208,0.011872968000000128,merge_sort
626,208,0.014597951999992347,heap_sort
627,209,0.007211643999992248,quick_sort
628,209,0.013460372000001825,merge_sort
629,209,0.014147845999993934,heap_sort
630,210,0.007084342000002835,quick_sort
631,210,0.012071660000001429,merge_sort
632,210,0.01427818200000047,heap_sort
633,211,0.007032369999994899,quick_sort
634,211,0.012559426000000257,merge_sort
635,211,0.01465250400000059,heap_sort
636,212,0.006813317999999526,quick_sort
637,212,0.012698531999999431,merge_sort
638,212,0.01364200600000231,heap_sort
639,213,0.006874472000004061,quick_sort
640,213,0.01169300199999725,merge_sort
641,213,0.01447556799999802,heap_sort
642,214,0.007204404000001432,quick_sort
643,214,0.013161172000009174,merge_sort
644,214,0.014118323999998666,heap_sort
645,215,0.006756715999993048,quick_sort
646,215,0.012149188000005324,merge_sort
647,215,0.014083817999994608,heap_sort
648,216,0.007048324000006687,quick_sort
649,216,0.012401119999990442,merge_sort
650,216,0.01456486600000062,heap_sort
651,217,0.006760059999992336,quick_sort
652,217,0.012276592000005167,merge_sort
653,217,0.013856075999999575,heap_sort
654,218,0.006666069999998854,quick_sort
655,218,0.011969483999992007,merge_sort
656,218,0.014400914000004832,heap_sort
657,219,0.007364007999992737,quick_sort
658,219,0.013042830000006233,merge_sort
659,219,0.014139690000001792,heap_sort
660,220,0.006789555999998811,quick_sort
661,220,0.012086690000003272,merge_sort
662,220,0.014214690000007977,heap_sort
663,221,0.006852200000000721,quick_sort
664,221,0.01261726199998975,merge_sort
665,221,0.014365737999996782,heap_sort
666,222,0.0069423839999922165,quick_sort
667,222,0.0122262859999978,merge_sort
668,222,0.013857330000005276,heap_sort
669,223,0.006713224000002356,quick_sort
670,223,0.0119312880000075,merge_sort
671,223,0.01474564200000259,heap_sort
672,224,0.007194677999996202,quick_sort
673,224,0.013333455999988928,merge_sort
674,224,0.014101125999993656,heap_sort
675,225,0.007672273999996832,quick_sort
676,225,0.013053663999985475,merge_sort
677,225,0.01492015999999694,heap_sort
678,226,0.007017910000001848,quick_sort
679,226,0.01181456799999978,merge_sort
680,226,0.013814093999988017,heap_sort
681,227,0.0073740899999984325,quick_sort
682,227,0.012953118000009454,merge_sort
683,227,0.015723915999999463,heap_sort
684,228,0.006755041999995228,quick_sort
685,228,0.012693375999999717,merge_sort
686,228,0.013494310000000951,heap_sort
687,229,0.007190241999994669,quick_sort
688,229,0.011736302000001616,merge_sort
689,229,0.014324912000008681,heap_sort
690,230,0.007581465999994635,quick_sort
691,230,0.013248065999998743,merge_sort
692,230,0.015097655999995822,heap_sort
693,231,0.006739069999996445,quick_sort
694,231,0.012032054000010249,merge_sort
695,231,0.013699447999997574,heap_sort
696,232,0.007605967999998029,quick_sort
697,232,0.012930384000001141,merge_sort
698,232,0.015764039999994567,heap_sort
699,233,0.007016851999994742,quick_sort
700,233,0.012513457999993989,merge_sort
701,233,0.013701124000001529,heap_sort
702,234,0.0069584239999971945,quick_sort
703,234,0.012153493999999227,merge_sort
704,234,0.014241935999998533,heap_sort
705,235,0.007437362000005123,quick_sort
706,235,0.013063240000001315,merge_sort
707,235,0.014934038000005785,heap_sort
708,236,0.0070003859999906125,quick_sort
709,236,0.011769619999997758,merge_sort
710,236,0.01374148599999444,heap_sort
711,237,0.007326059999995777,quick_sort
712,237,0.0131133480000085,merge_sort
713,237,0.015695695999993403,heap_sort
714,238,0.006797813999999108,quick_sort
715,238,0.012790690000003905,merge_sort
716,238,0.013563949999995656,heap_sort
717,239,0.007207975999999689,quick_sort
718,239,0.01176717200000894,merge_sort
719,239,0.014292181999996956,heap_sort
720,240,0.007422707999996874,quick_sort
721,240,0.013147861999996166,merge_sort
722,240,0.015070895999997447,heap_sort
723,241,0.007003356000002441,quick_sort
724,241,0.012475938000006863,merge_sort
725,241,0.013833046000002014,heap_sort
726,242,0.007676024000002144,quick_sort
727,242,0.013145258000010927,merge_sort
728,242,0.015639311999998427,heap_sort
729,243,0.007096095999986574,quick_sort
730,243,0.012540714000015213,merge_sort
731,243,0.013906750000001012,heap_sort
732,244,0.0070004500000004554,quick_sort
733,244,0.012072301999994579,merge_sort
734,244,0.014311168000006091,heap_sort
735,245,0.007465153999996801,quick_sort
736,245,0.01340710200000558,merge_sort
737,245,0.015040354000004754,heap_sort
738,246,0.006877333999996154,quick_sort
739,246,0.011919546000001446,merge_sort
740,246,0.013904836000006072,heap_sort
741,247,0.007581285999997363,quick_sort
742,247,0.01303842400001031,merge_sort
743,247,0.015767723999999816,heap_sort
744,248,0.006802524000004268,quick_sort
745,248,0.013049131999994188,merge_sort
746,248,0.013682381999997233,heap_sort
747,249,0.007025578000004771,quick_sort
748,249,0.011657559999996465,merge_sort
749,249,0.014045298000000912,heap_sort
750,250,0.005724711999998817,quick_sort
751,250,0.004030244000005041,merge_sort
752,250,0.004353056000002198,heap_sort
753,251,0.00566907400000673,quick_sort
754,251,0.004302492000003894,merge_sort
755,251,0.004617029999999431,heap_sort
756,252,0.005522495999994135,quick_sort
757,252,0.0041869479999968465,merge_sort
758,252,0.004548053999997137,heap_sort
759,253,0.005824279999994814,quick_sort
760,253,0.004012695999997504,merge_sort
761,253,0.00441180199999053,heap_sort
762,254,0.005659311999997954,quick_sort
763,254,0.004461144000001696,merge_sort
764,254,0.004290480000001935,heap_sort
765,255,0.005590706000004957,quick_sort
766,255,0.00417013599999791,merge_sort
767,255,0.004879468000003726,heap_sort
768,256,0.005504602000003161,quick_sort
769,256,0.004048701999990954,merge_sort
770,256,0.0045260119999989004,heap_sort
771,257,0.005891592000014043,quick_sort
772,257,0.003977924000000712,merge_sort
773,257,0.004504889999998341,heap_sort
774,258,0.005878394000010303,quick_sort
775,258,0.004485560000002806,merge_sort
776,258,0.004290198000007877,heap_sort
777,259,0.005466097999992599,quick_sort
778,259,0.004179889999998068,merge_sort
779,259,0.0044926380000015345,heap_sort
780,260,0.005789041999994424,quick_sort
781,260,0.003966432000001987,merge_sort
782,260,0.004434857999995074,heap_sort
783,261,0.005659742000000278,quick_sort
784,261,0.00434725000000526,merge_sort
785,261,0.004296290000002046,heap_sort
786,262,0.005592034000012518,quick_sort
787,262,0.004180470000007972,merge_sort
788,262,0.004709927999995216,heap_sort
789,263,0.005461532000001625,quick_sort
790,263,0.004039292000006753,merge_sort
791,263,0.0045069579999972124,heap_sort
792,264,0.005887734000004911,quick_sort
793,264,0.00397932800000035,merge_sort
794,264,0.004359687999995004,heap_sort
795,265,0.005668995999992603,quick_sort
796,265,0.004502245999997285,merge_sort
797,265,0.00428852399999414,heap_sort
798,266,0.005465174000000843,quick_sort
799,266,0.004161821999996391,merge_sort
800,266,0.004606691999995292,heap_sort
801,267,0.005832009999996899,quick_sort
802,267,0.003969416000002184,merge_sort
803,267,0.004460465999998177,heap_sort
804,268,0.005658004000001711,quick_sort
805,268,0.004432604000007814,merge_sort
806,268,0.004281440000004295,heap_sort
807,269,0.005627753999997367,quick_sort
808,269,0.004191464000004998,merge_sort
809,269,0.004824080000007598,heap_sort
810,270,0.005495501999998851,quick_sort
811,270,0.004073081999986243,merge_sort
812,270,0.004497424000007868,heap_sort
813,271,0.005863114000001133,quick_sort
814,271,0.003966358000002401,merge_sort
815,271,0.0043874720000053455,heap_sort
816,272,0.005703680000001441,quick_sort
817,272,0.004547889999987547,merge_sort
818,272,0.00429457400000274,heap_sort
819,273,0.005506443999995554,quick_sort
820,273,0.004187268000009681,merge_sort
821,273,0.004793917999995756,heap_sort
822,274,0.005487699999998767,quick_sort
823,274,0.003967680000005203,merge_sort
824,274,0.0044808500000021925,heap_sort
825,275,0.0056791779999957725,quick_sort
826,275,0.004377924000002622,merge_sort
827,275,0.0042836860000056735,heap_sort
828,276,0.005818733999999495,quick_sort
829,276,0.0042593699999997625,merge_sort
830,276,0.004914454000002024,heap_sort
831,277,0.005502596000003451,quick_sort
832,277,0.004668505999993613,merge_sort
833,277,0.005376257999992049,heap_sort
834,278,0.005830024000003959,quick_sort
835,278,0.004001282000003812,merge_sort
836,278,0.004488529999998718,heap_sort
837,279,0.00572391600000401,quick_sort
838,279,0.0045161940000025425,merge_sort
839,279,0.0049419800000009674,heap_sort
840,280,0.00577043800000638,quick_sort
841,280,0.004272416000005706,merge_sort
842,280,0.004728233999990152,heap_sort
843,281,0.005470126000004711,quick_sort
844,281,0.004182747999996081,merge_sort
845,281,0.004490742000004957,heap_sort
846,282,0.005858055999997305,quick_sort
847,282,0.004530485999996472,merge_sort
848,282,0.005184116000009453,heap_sort
849,283,0.005667498000007072,quick_sort
850,283,0.0043875560000037695,merge_sort
851,283,0.00429260999999542,heap_sort
852,284,0.00564418800000567,quick_sort
853,284,0.004352656000010029,merge_sort
854,284,0.0053522099999941015,heap_sort
855,285,0.005473851999990984,quick_sort
856,285,0.004034543999998732,merge_sort
857,285,0.004543933999998444,heap_sort
858,286,0.005901450000003479,quick_sort
859,286,0.003971212000005835,merge_sort
860,286,0.004326084000001629,heap_sort
861,287,0.005713680000001204,quick_sort
862,287,0.0048726379999970955,merge_sort
863,287,0.0050087740000049055,heap_sort
864,288,0.0054807000000073455,quick_sort
865,288,0.004238391999999749,merge_sort
866,288,0.004792892000016309,heap_sort
867,289,0.005508512000005794,quick_sort
868,289,0.004120339999997213,merge_sort
869,289,0.005177697999988596,heap_sort
870,290,0.005886262000008174,quick_sort
871,290,0.0039714300000150615,merge_sort
872,290,0.004298927999991519,heap_sort
873,291,0.005669266000011248,quick_sort
874,291,0.004513357999985601,merge_sort
875,291,0.004377992000001996,heap_sort
876,292,0.005507767999990847,quick_sort
877,292,0.0046493880000002714,merge_sort
878,292,0.005532285999991018,heap_sort
879,293,0.0054643799999894325,quick_sort
880,293,0.00397057400000449,merge_sort
881,293,0.0044764259999988095,heap_sort
882,294,0.006050376000005144,quick_sort
883,294,0.004233844000000317,merge_sort
884,294,0.005068759999996928,heap_sort
885,295,0.005769425999999384,quick_sort
886,295,0.0041822779999938576,merge_sort
887,295,0.004728261999989627,heap_sort
888,296,0.005462905999997929,quick_sort
889,296,0.004153147999995781,merge_sort
890,296,0.004521288000000822,heap_sort
891,297,0.005829174000002695,quick_sort
892,297,0.0044021360000101595,merge_sort
893,297,0.005112451999998484,heap_sort
894,298,0.005703643999997894,quick_sort
895,298,0.004369427999997697,merge_sort
896,298,0.004299264000010226,heap_sort
897,299,0.005742958000009821,quick_sort
898,299,0.0043010619999972735,merge_sort
899,299,0.005328049999991436,heap_sort
900,300,0.005655882000003203,quick_sort
901,300,0.005851447999993979,merge_sort
902,300,0.011330999999997857,heap_sort
903,301,0.005519914000001336,quick_sort
904,301,0.004194408000003023,merge_sort
905,301,0.005784119999998438,heap_sort
906,302,0.005526691999987179,quick_sort
907,302,0.0041017779999901905,merge_sort
908,302,0.00858509199999844,heap_sort
909,303,0.005607348000003185,quick_sort
910,303,0.005234932000007575,merge_sort
911,303,0.010066749999987223,heap_sort
912,304,0.005462580000000799,quick_sort
913,304,0.0040084780000051974,merge_sort
914,304,0.004481358000000455,heap_sort
915,305,0.006236303999992287,quick_sort
916,305,0.005689746000000468,merge_sort
917,305,0.011201590000009674,heap_sort
918,306,0.005907791999998153,quick_sort
919,306,0.004094807999997556,merge_sort
920,306,0.005480235999998513,heap_sort
921,307,0.00582391000000598,quick_sort
922,307,0.004470712000002095,merge_sort
923,307,0.00814002399999481,heap_sort
924,308,0.005918844000007084,quick_sort
925,308,0.005729902000009588,merge_sort
926,308,0.009703108000007888,heap_sort
927,309,0.0056196739999995774,quick_sort
928,309,0.004345293999997466,merge_sort
929,309,0.004294107999990047,heap_sort
930,310,0.005813478000009127,quick_sort
931,310,0.006141843999998855,merge_sort
932,310,0.011278968000008263,heap_sort
933,311,0.005523491999997532,quick_sort
934,311,0.004571363999996265,merge_sort
935,311,0.005389407999994092,heap_sort
936,312,0.005538946000001488,quick_sort
937,312,0.004278375999997479,merge_sort
938,312,0.008513568000003033,heap_sort
939,313,0.005591849999987062,quick_sort
940,313,0.00551017000000229,merge_sort
941,313,0.010008380000003854,heap_sort
942,314,0.005474900000001526,quick_sort
943,314,0.004076377999995202,merge_sort
944,314,0.004895201999991059,heap_sort
945,315,0.005895467999996526,quick_sort
946,315,0.006045793999994657,merge_sort
947,315,0.011508157999994637,heap_sort
948,316,0.0055218079999986005,quick_sort
949,316,0.0041100400000027544,merge_sort
950,316,0.005730292000000645,heap_sort
951,317,0.005848767999996198,quick_sort
952,317,0.004073727999993935,merge_sort
953,317,0.008376990000003843,heap_sort
954,318,0.006033400000001165,quick_sort
955,318,0.005351599999999053,merge_sort
956,318,0.009791399999999157,heap_sort
957,319,0.005818080000001374,quick_sort
958,319,0.003969138000002204,merge_sort
959,319,0.004422034000008353,heap_sort
960,320,0.005905909999994492,quick_sort
961,320,0.0061002259999963825,merge_sort
962,320,0.011161076000009871,heap_sort
963,321,0.00593271399999594,quick_sort
964,321,0.0040917299999955505,merge_sort
965,321,0.005395833999996285,heap_sort
966,322,0.005725099999992835,quick_sort
967,322,0.004634520000001885,merge_sort
968,322,0.008159586000003856,heap_sort
969,323,0.005608143999997992,quick_sort
970,323,0.005771222000007583,merge_sort
971,323,0.009650983999995333,heap_sort
972,324,0.0055464980000010655,quick_sort
973,324,0.004605384000010418,merge_sort
974,324,0.004436534000003576,heap_sort
975,325,0.006027913999994325,quick_sort
976,325,0.010073017999993682,merge_sort
977,325,0.0115230779999888,heap_sort
978,326,0.006501316000012593,quick_sort
979,326,0.010725494000000708,merge_sort
980,326,0.012258889999998246,heap_sort
981,327,0.00577785599999288,quick_sort
982,327,0.006841269999997621,merge_sort
983,327,0.010653917999998158,heap_sort
984,328,0.0061660280000137395,quick_sort
985,328,0.011181833999999072,merge_sort
986,328,0.012819297999994888,heap_sort
987,329,0.006181103999999778,quick_sort
988,329,0.00861589999999751,merge_sort
989,329,0.00983831000000464,heap_sort
990,330,0.006008790000009867,quick_sort
991,330,0.00938921400000254,merge_sort
992,330,0.011796186000003673,heap_sort
993,331,0.006063903999995545,quick_sort
994,331,0.010968433999998979,merge_sort
995,331,0.012000213999999686,heap_sort
996,332,0.0061235679999867895,quick_sort
997,332,0.0068125900000040925,merge_sort
998,332,0.010679339999999229,heap_sort
999,333,0.0061679100000014845,quick_sort
1000,333,0.010934443999988162,merge_sort
1001,333,0.012958733999994365,heap_sort
1002,334,0.005791162000002714,quick_sort
1003,334,0.008693353999985902,merge_sort
1004,334,0.009403690000001462,heap_sort
1005,335,0.006347359999986111,quick_sort
1006,335,0.0093875639999942,merge_sort
1007,335,0.011624153999998726,heap_sort
1008,336,0.006058399999999437,quick_sort
1009,336,0.0106762699999922,merge_sort
1010,336,0.012336686000003283,heap_sort
1011,337,0.0058034039999938615,quick_sort
1012,337,0.007174510000002101,merge_sort
1013,337,0.010246765999997933,heap_sort
1014,338,0.006513872000000447,quick_sort
1015,338,0.011032555999995565,merge_sort
1016,338,0.012894453999997495,heap_sort
1017,339,0.0057914419999906385,quick_sort
1018,339,0.008455910000002405,merge_sort
1019,339,0.009618370000007417,heap_sort
1020,340,0.00603101199999628,quick_sort
1021,340,0.009654758000008314,merge_sort
1022,340,0.011448800000002847,heap_sort
1023,341,0.006325530000005983,quick_sort
1024,341,0.010671464000008655,merge_sort
1025,341,0.012400804000010339,heap_sort
1026,342,0.005874884000004386,quick_sort
1027,342,0.006848360000005869,merge_sort
1028,342,0.010601013999989846,heap_sort
1029,343,0.006122468000010031,quick_sort
1030,343,0.011173478000000615,merge_sort
1031,343,0.012754424000004292,heap_sort
1032,344,0.0060801359999936725,quick_sort
1033,344,0.008423423999995521,merge_sort
1034,344,0.009823322000004282,heap_sort
1035,345,0.006026572000012038,quick_sort
1036,345,0.00939958200000774,merge_sort
1037,345,0.011781237999996393,heap_sort
1038,346,0.006069086000015886,quick_sort
1039,346,0.011078356000002714,merge_sort
1040,346,0.012005771999990884,heap_sort
1041,347,0.006026812000004611,quick_sort
1042,347,0.006792021999988265,merge_sort
1043,347,0.010630906000003507,heap_sort
1044,348,0.006217289999997319,quick_sort
1045,348,0.011135094000001117,merge_sort
1046,348,0.012787312000000384,heap_sort
1047,349,0.005813987999988513,quick_sort
1048,349,0.008268788000007134,merge_sort
1049,349,0.009453327999988232,heap_sort
1050,350,0.005883641999996598,quick_sort
1051,350,0.00397823400000334,merge_sort
1052,350,0.004401299999997264,heap_sort
1053,351,0.005676168000002235,quick_sort
1054,351,0.004498846000010417,merge_sort
1055,351,0.0043721899999968625,heap_sort
1056,352,0.005805310000005193,quick_sort
1057,352,0.00568024999999352,merge_sort
1058,352,0.006126191999992443,heap_sort
1059,353,0.00545848599999772,quick_sort
1060,353,0.00403168000000278,merge_sort
1061,353,0.0045122100000071445,heap_sort
1062,354,0.0062310219999949365,quick_sort
1063,354,0.00490710599999602,merge_sort
1064,354,0.0056553399999961585,heap_sort
1065,355,0.005777321999985361,quick_sort
1066,355,0.004222350000002279,merge_sort
1067,355,0.004297679999999673,heap_sort
1068,356,0.005607581999995546,quick_sort
1069,356,0.004186188000003313,merge_sort
1070,356,0.004704405999998471,heap_sort
1071,357,0.005703430000003209,quick_sort
1072,357,0.00533109000000195,merge_sort
1073,357,0.005835239999996702,heap_sort
1074,358,0.005739670000004935,quick_sort
1075,358,0.003972942000002604,merge_sort
1076,358,0.004447536000004675,heap_sort
1077,359,0.006197989999991478,quick_sort
1078,359,0.004963878000010027,merge_sort
1079,359,0.00556935399999702,heap_sort
1080,360,0.005621991999996681,quick_sort
1081,360,0.004562009999995098,merge_sort
1082,360,0.0044671779999998764,heap_sort
1083,361,0.005555183999986184,quick_sort
1084,361,0.004204294000001028,merge_sort
1085,361,0.00448647999999821,heap_sort
1086,362,0.006041480000005777,quick_sort
1087,362,0.005259388000001764,merge_sort
1088,362,0.005715060000002267,heap_sort
1089,363,0.005883963999988282,quick_sort
1090,363,0.004018460000002051,merge_sort
1091,363,0.0043270339999935455,heap_sort
1092,364,0.005908484000001408,quick_sort
1093,364,0.005351878000010401,merge_sort
1094,364,0.005600104000013744,heap_sort
1095,365,0.005482510000001639,quick_sort
1096,365,0.004187419999998383,merge_sort
1097,365,0.00474391600000672,heap_sort
1098,366,0.00553523199999745,quick_sort
1099,366,0.004016774000003807,merge_sort
1100,366,0.004650877999997647,heap_sort
1101,367,0.006147215999992568,quick_sort
1102,367,0.005318519999993896,merge_sort
1103,367,0.00562628599999698,heap_sort
1104,368,0.005828418000003239,quick_sort
1105,368,0.004418387999996867,merge_sort
1106,368,0.004318782000002557,heap_sort
1107,369,0.00583901599999308,quick_sort
1108,369,0.005116040000002613,merge_sort
1109,369,0.00586521200001016,heap_sort
1110,370,0.005508709999996881,quick_sort
1111,370,0.004106671999998071,merge_sort
1112,370,0.004501448000005439,heap_sort
1113,371,0.005848377999993773,quick_sort
1114,371,0.00400914199999761,merge_sort
1115,371,0.004413417999996909,heap_sort
1116,372,0.005870865999995658,quick_sort
1117,372,0.005665828000007878,merge_sort
1118,372,0.005608814000006532,heap_sort
1119,373,0.0055921779999926,quick_sort
1120,373,0.004629643999999189,merge_sort
1121,373,0.004288677999993524,heap_sort
1122,374,0.0057534179999925075,quick_sort
1123,374,0.005100996000001032,merge_sort
1124,374,0.006034216000011838,heap_sort
1125,375,0.007827234000005774,quick_sort
1126,375,0.015398624000004019,merge_sort
1127,375,0.014697587999989992,heap_sort
1128,376,0.008458119999993415,quick_sort
1129,376,0.01549685599999293,merge_sort
1130,376,0.016131937999998628,heap_sort
1131,377,0.008409770000000663,quick_sort
1132,377,0.015511164000001828,merge_sort
1133,377,0.016903462000004765,heap_sort
1134,378,0.008126850000014656,quick_sort
1135,378,0.015611913999998705,merge_sort
1136,378,0.01513611599999649,heap_sort
1137,379,0.00902748599999768,quick_sort
1138,379,0.015681635999981153,merge_sort
1139,379,0.01734555200000386,heap_sort
1140,380,0.007743491999999606,quick_sort
1141,380,0.015887870000015028,merge_sort
1142,380,0.014816307999997207,heap_sort
1143,381,0.008379537999994682,quick_sort
1144,381,0.015380346000001736,merge_sort
1145,381,0.016102730000006886,heap_sort
1146,382,0.008218182000002799,quick_sort
1147,382,0.015496860000002926,merge_sort
1148,382,0.016684932000007393,heap_sort
1149,383,0.008079070000003413,quick_sort
1150,383,0.01571743999999171,merge_sort
1151,383,0.015075248000005103,heap_sort
1152,384,0.008827474000004259,quick_sort
1153,384,0.01560008799998741,merge_sort
1154,384,0.017196168000009494,heap_sort
1155,385,0.007695752000008724,quick_sort
1156,385,0.015258757999993123,merge_sort
1157,385,0.014634789999997793,heap_sort
1158,386,0.00844336799998473,quick_sort
1159,386,0.015337296000002425,merge_sort
1160,386,0.01588342199998351,heap_sort
1161,387,0.008326698000005309,quick_sort
1162,387,0.015365142000023297,merge_sort
1163,387,0.016571466000004875,heap_sort
1164,388,0.008182969999993475,quick_sort
1165,388,0.015712342000006173,merge_sort
1166,388,0.01515245799999775,heap_sort
1167,389,0.008844059999992169,quick_sort
1168,389,0.015964612000025226,merge_sort
1169,389,0.017270723999990877,heap_sort
1170,390,0.007844281999991836,quick_sort
1171,390,0.015582950000002711,merge_sort
1172,390,0.0147318020000057,heap_sort
1173,391,0.008461684000003515,quick_sort
1174,391,0.015450705999983256,merge_sort
1175,391,0.016077029999992193,heap_sort
1176,392,0.008373771999990821,quick_sort
1177,392,0.015511738000013793,merge_sort
1178,392,0.016588670000001002,heap_sort
1179,393,0.00810564400002022,quick_sort
1180,393,0.015618526000021121,merge_sort
1181,393,0.015171015999990232,heap_sort
1182,394,0.008922112000004746,quick_sort
1183,394,0.01576263400001153,merge_sort
1184,394,0.017277586000004702,heap_sort
1185,395,0.007831049999981587,quick_sort
1186,395,0.015341521999998805,merge_sort
1187,395,0.014672231999998075,heap_sort
1188,396,0.00843831800001226,quick_sort
1189,396,0.015367996000018138,merge_sort
1190,396,0.015952897999973174,heap_sort
1191,397,0.008366039999996246,quick_sort
1192,397,0.015472992000009072,merge_sort
1193,397,0.016614666000018586,heap_sort
1194,398,0.008172472000010202,quick_sort
1195,398,0.016025947999987692,merge_sort
1196,398,0.015211087999987286,heap_sort
1197,399,0.008800918000015373,quick_sort
1198,399,0.015760484000015822,merge_sort
1199,399,0.0173064560000239,heap_sort
1200,400,0.008128707999981088,quick_sort
1201,400,0.015076364000019566,merge_sort
1202,400,0.016263982000009492,heap_sort
1203,401,0.007993650000030357,quick_sort
1204,401,0.014722804000025463,merge_sort
1205,401,0.015552458000001934,heap_sort
1206,402,0.007993513999981588,quick_sort
1207,402,0.014348257999986345,merge_sort
1208,402,0.015739281999995,heap_sort
1209,403,0.008144935999976042,quick_sort
1210,403,0.01469943600001443,merge_sort
1211,403,0.016087825999984488,heap_sort
1212,404,0.007935054000017771,quick_sort
1213,404,0.014698271999986901,merge_sort
1214,404,0.014824779999985367,heap_sort
1215,405,0.008154548000002251,quick_sort
1216,405,0.015043653999991875,merge_sort
1217,405,0.016300769999993463,heap_sort
1218,406,0.008012675999975728,quick_sort
1219,406,0.014832385999993676,merge_sort
1220,406,0.01573238599999513,heap_sort
1221,407,0.007683499999989181,quick_sort
1222,407,0.014554913999982091,merge_sort
1223,407,0.015759104000007938,heap_sort
1224,408,0.007939042000016343,quick_sort
1225,408,0.014989277999984552,merge_sort
1226,408,0.016048235999996906,heap_sort
1227,409,0.00770011000001432,quick_sort
1228,409,0.014835595999993529,merge_sort
1229,409,0.014659332000014728,heap_sort
1230,410,0.007940386000000218,quick_sort
1231,410,0.014850123999999597,merge_sort
1232,410,0.016185289999975795,heap_sort
1233,411,0.007880468000007568,quick_sort
1234,411,0.014707928000048014,merge_sort
1235,411,0.015629890000009253,heap_sort
1236,412,0.007713833999996495,quick_sort
1237,412,0.01449552399998538,merge_sort
1238,412,0.015682641999956105,heap_sort
1239,413,0.008119323999990229,quick_sort
1240,413,0.014883169999998246,merge_sort
1241,413,0.015989779999990787,heap_sort
1242,414,0.008118507999997747,quick_sort
1243,414,0.015391699999995581,merge_sort
1244,414,0.014546722000000045,heap_sort
1245,415,0.008291787999983171,quick_sort
1246,415,0.014670220000011796,merge_sort
1247,415,0.01619171400000141,heap_sort
1248,416,0.008202762000000802,quick_sort
1249,416,0.014554825999998683,merge_sort
1250,416,0.015741509999998016,heap_sort
1251,417,0.007885156000011193,quick_sort
1252,417,0.01462276799999927,merge_sort
1253,417,0.015918560000009165,heap_sort
1254,418,0.007938789999998334,quick_sort
1255,418,0.014881887999995342,merge_sort
1256,418,0.01615101599997615,heap_sort
1257,419,0.007717379999999139,quick_sort
1258,419,0.014949501999994936,merge_sort
1259,419,0.014702486000014687,heap_sort
1260,420,0.007979187999999339,quick_sort
1261,420,0.015216397999993206,merge_sort
1262,420,0.016179733999997552,heap_sort
1263,421,0.00787823600000138,quick_sort
1264,421,0.01475034599999617,merge_sort
1265,421,0.015610688000015216,heap_sort
1266,422,0.007779319999986001,quick_sort
1267,422,0.014444546000004267,merge_sort
1268,422,0.01568669799999043,heap_sort
1269,423,0.007968016000013449,quick_sort
1270,423,0.014850189999992835,merge_sort
1271,423,0.016149115999996865,heap_sort
1272,424,0.007617500000023938,quick_sort
1273,424,0.015082901999994647,merge_sort
1274,424,0.01477594599996337,heap_sort
1275,425,0.008323119999990922,quick_sort
1276,425,0.01570040600000084,merge_sort
1277,425,0.015330278000019461,heap_sort
1278,426,0.008568008000015653,quick_sort
1279,426,0.015662453999993886,merge_sort
1280,426,0.015526601999981722,heap_sort
1281,427,0.007550434000004316,quick_sort
1282,427,0.013799604000023464,merge_sort
1283,427,0.01450038599999516,heap_sort
1284,428,0.008569934000029207,quick_sort
1285,428,0.01569535600001018,merge_sort
1286,428,0.01583795800002008,heap_sort
1287,429,0.007550449999985176,quick_sort
1288,429,0.013671187999952962,merge_sort
1289,429,0.015009637999992265,heap_sort
1290,430,0.008472756000010122,quick_sort
1291,430,0.01588255599999684,merge_sort
1292,430,0.015479493999982878,heap_sort
1293,431,0.008419067999984691,quick_sort
1294,431,0.016107865999997556,merge_sort
1295,431,0.015675495999994384,heap_sort
1296,432,0.007290046000016446,quick_sort
1297,432,0.014195298000008733,merge_sort
1298,432,0.014796366000009584,heap_sort
1299,433,0.008284828000000743,quick_sort
1300,433,0.016169317999997476,merge_sort
1301,433,0.015856786000013015,heap_sort
1302,434,0.00737652199999502,quick_sort
1303,434,0.014008971999996902,merge_sort
1304,434,0.014913593999976911,heap_sort
1305,435,0.008101512000002913,quick_sort
1306,435,0.015908940000017538,merge_sort
1307,435,0.015460498000002189,heap_sort
1308,436,0.008485215999985484,quick_sort
1309,436,0.01583077399999638,merge_sort
1310,436,0.015693289999994704,heap_sort
1311,437,0.007508975999985523,quick_sort
1312,437,0.01374519599999985,merge_sort
1313,437,0.01454681000000619,heap_sort
1314,438,0.008547770000000128,quick_sort
1315,438,0.016534612000009476,merge_sort
1316,438,0.01595559399999729,heap_sort
1317,439,0.007665623999982927,quick_sort
1318,439,0.014180596000010155,merge_sort
1319,439,0.01483505199999854,heap_sort
1320,440,0.008354401999981746,quick_sort
1321,440,0.01575713399999131,merge_sort
1322,440,0.01534298600000966,heap_sort
1323,441,0.00856297199999517,quick_sort
1324,441,0.015912543999984336,merge_sort
1325,441,0.015610340000002908,heap_sort
1326,442,0.007637393999998494,quick_sort
1327,442,0.013935513999986143,merge_sort
1328,442,0.014789677999997366,heap_sort
1329,443,0.008580214000003252,quick_sort
1330,443,0.01611708599996746,merge_sort
1331,443,0.015967632000001685,heap_sort
1332,444,0.007746153999983107,quick_sort
1333,444,0.013651962000012645,merge_sort
1334,444,0.014925378000025375,heap_sort
1335,445,0.008237185999992108,quick_sort
1336,445,0.015573322000009285,merge_sort
1337,445,0.015414879999998448,heap_sort
1338,446,0.008360075999985384,quick_sort
1339,446,0.015709775999985142,merge_sort
1340,446,0.01565285799999401,heap_sort
1341,447,0.007473491999985526,quick_sort
1342,447,0.013671272000005957,merge_sort
1343,447,0.014652987999998004,heap_sort
1344,448,0.00823549200000798,quick_sort
1345,448,0.01594930400000976,merge_sort
1346,448,0.01594157599997743,heap_sort
1347,449,0.007600636000015584,quick_sort
1348,449,0.013715042000026188,merge_sort
1349,449,0.014949605999991036,heap_sort
1350,450,0.006755534000003536,quick_sort
1351,450,0.011981510000000526,merge_sort
1352,450,0.014017818000006628,heap_sort
1353,451,0.007072707999991507,quick_sort
1354,451,0.012414241999995284,merge_sort
1355,451,0.014460300000023381,heap_sort
1356,452,0.0067957460000116045,quick_sort
1357,452,0.012122569999978622,merge_sort
1358,452,0.013670361999998023,heap_sort
1359,453,0.006649614000007204,quick_sort
1360,453,0.011798055999997814,merge_sort
1361,453,0.014657998000011503,heap_sort
1362,454,0.007380409999977928,quick_sort
1363,454,0.01328810199999225,merge_sort
1364,454,0.014246175999996922,heap_sort
1365,455,0.007068520000007084,quick_sort
1366,455,0.012070169999974496,merge_sort
1367,455,0.014348647999991044,heap_sort
1368,456,0.0068422579999742085,quick_sort
1369,456,0.012613466000025254,merge_sort
1370,456,0.0143483599999945,heap_sort
1371,457,0.007001365999990412,quick_sort
1372,457,0.011990482000019256,merge_sort
1373,457,0.013742499999966639,heap_sort
1374,458,0.006747969999987617,quick_sort
1375,458,0.011843411999980163,merge_sort
1376,458,0.014515041999998176,heap_sort
1377,459,0.0071110079999971276,quick_sort
1378,459,0.01339910400000008,merge_sort
1379,459,0.014024515999999494,heap_sort
1380,460,0.006975125999992997,quick_sort
1381,460,0.01178984199998922,merge_sort
1382,460,0.014403211999979248,heap_sort
1383,461,0.007161840000003394,quick_sort
1384,461,0.012703698000013901,merge_sort
1385,461,0.01450780599999689,heap_sort
1386,462,0.00681575000000521,quick_sort
1387,462,0.012142333999991024,merge_sort
1388,462,0.013552598000005673,heap_sort
1389,463,0.0069411840000111625,quick_sort
1390,463,0.01206550000000334,merge_sort
1391,463,0.015342902000011236,heap_sort
1392,464,0.007197033999977976,quick_sort
1393,464,0.013390878000004705,merge_sort
1394,464,0.014186814000017875,heap_sort
1395,465,0.006768493999989005,quick_sort
1396,465,0.012046754000011787,merge_sort
1397,465,0.014244831999976669,heap_sort
1398,466,0.007120830000012575,quick_sort
1399,466,0.01239794999998594,merge_sort
1400,466,0.014607981999997719,heap_sort
1401,467,0.0070417159999851715,quick_sort
1402,467,0.011976853999995,merge_sort
1403,467,0.013702676000020802,heap_sort
1404,468,0.006606436000015492,quick_sort
1405,468,0.011883039999984248,merge_sort
1406,468,0.014295821999999134,heap_sort
1407,469,0.00738458799997261,quick_sort
1408,469,0.013221735999995871,merge_sort
1409,469,0.014318958000012571,heap_sort
1410,470,0.00702371800000492,quick_sort
1411,470,0.011981271999989076,merge_sort
1412,470,0.01450126199999886,heap_sort
1413,471,0.007006732000027114,quick_sort
1414,471,0.012658894000005604,merge_sort
1415,471,0.01447021400002086,heap_sort
1416,472,0.006788803999984339,quick_sort
1417,472,0.011978930000009314,merge_sort
1418,472,0.013842684000010194,heap_sort
1419,473,0.007081410000009783,quick_sort
1420,473,0.011952283999985411,merge_sort
1421,473,0.014648877999989054,heap_sort
1422,474,0.007064383999977508,quick_sort
1423,474,0.013395469999986745,merge_sort
1424,474,0.014109801999975389,heap_sort
1425,475,0.007398776000004545,quick_sort
1426,475,0.013109239999985221,merge_sort
1427,475,0.014940477999984977,heap_sort
1428,476,0.006963175999976557,quick_sort
1429,476,0.011695189999995819,merge_sort
1430,476,0.01376923600000282,heap_sort
1431,477,0.007379461999985324,quick_sort
1432,477,0.013214184000003116,merge_sort
1433,477,0.01570045600001322,heap_sort
1434,478,0.006849396000006891,quick_sort
1435,478,0.012788828000002467,merge_sort
1436,478,0.013533408000025702,heap_sort
1437,479,0.007152751999983593,quick_sort
1438,479,0.011457195999996657,merge_sort
1439,479,0.014246138000003157,heap_sort
1440,480,0.007387438000000657,quick_sort
1441,480,0.013075234000007185,merge_sort
1442,480,0.01507324199998493,heap_sort
1443,481,0.006842708000012862,quick_sort
1444,481,0.011933339999982308,merge_sort
1445,481,0.01380716799998936,heap_sort
1446,482,0.007456186000008529,quick_sort
1447,482,0.013059308000010787,merge_sort
1448,482,0.015707706000011968,heap_sort
1449,483,0.00709107400002722,quick_sort
1450,483,0.012558811999997487,merge_sort
1451,483,0.013872551999993448,heap_sort
1452,484,0.006971291999998357,quick_sort
1453,484,0.011917649999973037,merge_sort
1454,484,0.014359527999981764,heap_sort
1455,485,0.007429841999987729,quick_sort
1456,485,0.013261929999989661,merge_sort
1457,485,0.015066720000004353,heap_sort
1458,486,0.0070036759999766215,quick_sort
1459,486,0.011691205999991326,merge_sort
1460,486,0.013779873999983466,heap_sort
1461,487,0.007414008000014291,quick_sort
1462,487,0.0134946740000305,merge_sort
1463,487,0.015700054000021738,heap_sort
1464,488,0.006983217999995759,quick_sort
1465,488,0.013206909999989875,merge_sort
1466,488,0.013626947999996445,heap_sort
1467,489,0.007062637999983963,quick_sort
1468,489,0.012091630000004443,merge_sort
1469,489,0.014079882000019098,heap_sort
1470,490,0.00766329599999608,quick_sort
1471,490,0.013044329999997899,merge_sort
1472,490,0.015075498000019252,heap_sort
1473,491,0.006791262000015195,quick_sort
1474,491,0.012172641999995903,merge_sort
1475,491,0.013796502000004693,heap_sort
1476,492,0.007657630000012432,quick_sort
1477,492,0.013118105999983526,merge_sort
1478,492,0.015696029999999153,heap_sort
1479,493,0.006822922000005747,quick_sort
1480,493,0.012743828000006943,merge_sort
1481,493,0.013610132000003432,heap_sort
1482,494,0.007156478000006246,quick_sort
1483,494,0.011522356000009495,merge_sort
1484,494,0.014225732000008975,heap_sort
1485,495,0.007343546000010974,quick_sort
1486,495,0.013453179999987696,merge_sort
1487,495,0.014984757999986869,heap_sort
1488,496,0.007051488000015525,quick_sort
1489,496,0.012260366000000432,merge_sort
1490,496,0.01359941799999433,heap_sort
1491,497,0.0075729140000021285,quick_sort
1492,497,0.012964541999999711,merge_sort
1493,497,0.015907976000003144,heap_sort
1494,498,0.006798562000021775,quick_sort
1495,498,0.012827709999987747,merge_sort
1496,498,0.013629567999992105,heap_sort
1497,499,0.006798638000009305,quick_sort
1498,499,0.011571630000012191,merge_sort
1499,499,0.014043756000010035,heap_sort
